-- phpMyAdmin SQL Dump
-- version 4.9.1
-- https://www.phpmyadmin.net/
--
-- Host: 127.0.0.1
-- Generation Time: Apr 27, 2020 at 12:21 AM
-- Server version: 10.4.8-MariaDB
-- PHP Version: 7.2.24

SET SQL_MODE = "NO_AUTO_VALUE_ON_ZERO";
SET AUTOCOMMIT = 0;
START TRANSACTION;
SET time_zone = "+00:00";


/*!40101 SET @OLD_CHARACTER_SET_CLIENT=@@CHARACTER_SET_CLIENT */;
/*!40101 SET @OLD_CHARACTER_SET_RESULTS=@@CHARACTER_SET_RESULTS */;
/*!40101 SET @OLD_COLLATION_CONNECTION=@@COLLATION_CONNECTION */;
/*!40101 SET NAMES utf8mb4 */;

--
-- Database: `jee_compte`
--

-- --------------------------------------------------------

--
-- Table structure for table `client`
--

CREATE TABLE `client` (
  `id` bigint(20) NOT NULL,
  `cin` varchar(255) DEFAULT NULL,
  `email` varchar(255) DEFAULT NULL,
  `nom` varchar(255) DEFAULT NULL
) ENGINE=InnoDB DEFAULT CHARSET=latin1;

--
-- Dumping data for table `client`
--

INSERT INTO `client` (`id`, `cin`, `email`, `nom`) VALUES
(1, 'EE12', 'reda@gmail.com', 'reda'),
(2, 'EE2', 'test@gmail.com', 'Test');

-- --------------------------------------------------------

--
-- Table structure for table `compte`
--

CREATE TABLE `compte` (
  `type_cpte` varchar(2) NOT NULL,
  `id` varchar(255) NOT NULL,
  `date_creation` datetime DEFAULT NULL,
  `date_supression` datetime DEFAULT NULL,
  `solde` double DEFAULT NULL,
  `decouvert` double DEFAULT NULL,
  `taux` double DEFAULT NULL,
  `client` bigint(20) DEFAULT NULL
) ENGINE=InnoDB DEFAULT CHARSET=latin1;

--
-- Dumping data for table `compte`
--

INSERT INTO `compte` (`type_cpte`, `id`, `date_creation`, `date_supression`, `solde`, `decouvert`, `taux`, `client`) VALUES
('CE', 'c1', '2019-07-07 15:16:26', NULL, 45680, NULL, 123, 1),
('CE', 'c2', '2019-06-30 20:14:41', NULL, 47897, NULL, 1510, 2),
('CE', 'c3', '2019-07-07 17:37:38', NULL, 3496, NULL, 4000, 1);

-- --------------------------------------------------------

--
-- Table structure for table `operation`
--

CREATE TABLE `operation` (
  `type_op` varchar(1) NOT NULL,
  `id` bigint(20) NOT NULL,
  `date_operation` datetime DEFAULT NULL,
  `mantant` double DEFAULT NULL,
  `compte` varchar(255) DEFAULT NULL
) ENGINE=InnoDB DEFAULT CHARSET=latin1;

--
-- Dumping data for table `operation`
--

INSERT INTO `operation` (`type_op`, `id`, `date_operation`, `mantant`, `compte`) VALUES
('R', 1, '2018-09-17 00:00:00', 120, 'c1'),
('V', 2, '2018-09-17 00:00:00', 120, 'c2'),
('R', 3, '2018-09-17 00:00:00', 100, 'c2'),
('V', 4, '2018-09-17 00:00:00', 100, 'c1'),
('R', 5, '2018-09-17 00:00:00', 120, 'c1'),
('V', 6, '2018-09-17 00:00:00', 120, 'c2'),
('R', 7, '2018-09-17 00:00:00', 100, 'c2'),
('V', 8, '2018-09-17 00:00:00', 100, 'c1'),
('R', 9, '2018-09-17 00:00:00', 120, 'c1'),
('V', 10, '2018-09-17 00:00:00', 120, 'c2'),
('R', 11, '2018-09-17 00:00:00', 100, 'c2'),
('V', 12, '2018-09-17 00:00:00', 100, 'c1'),
('R', 13, '2018-09-17 00:00:00', 120, 'c1'),
('V', 14, '2018-09-17 00:00:00', 120, 'c2'),
('R', 15, '2018-09-17 00:00:00', 100, 'c2'),
('V', 16, '2018-09-17 00:00:00', 100, 'c1'),
('R', 17, '2019-07-01 20:19:35', 120, 'c1'),
('V', 18, '2019-07-01 20:19:35', 120, 'c2'),
('R', 19, '2019-07-01 20:19:35', 100, 'c2'),
('V', 20, '2019-07-01 20:19:35', 100, 'c1'),
('R', 21, '2019-07-03 08:30:09', 120, 'c1'),
('V', 22, '2019-07-03 08:30:09', 120, 'c2'),
('R', 23, '2019-07-03 08:30:09', 100, 'c2'),
('V', 24, '2019-07-03 08:30:09', 100, 'c1'),
('R', 25, '2019-07-03 08:30:52', 120, 'c1'),
('V', 26, '2019-07-03 08:30:52', 120, 'c2'),
('R', 27, '2019-07-03 08:30:52', 100, 'c2'),
('V', 28, '2019-07-03 08:30:52', 100, 'c1'),
('R', 29, '2019-07-03 08:31:25', 120, 'c1'),
('V', 30, '2019-07-03 08:31:25', 120, 'c2'),
('R', 31, '2019-07-03 08:31:25', 100, 'c2'),
('V', 32, '2019-07-03 08:31:25', 100, 'c1'),
('R', 33, '2019-07-03 08:32:45', 120, 'c1'),
('V', 34, '2019-07-03 08:32:45', 120, 'c2'),
('R', 35, '2019-07-03 08:32:45', 100, 'c2'),
('V', 36, '2019-07-03 08:32:45', 100, 'c1'),
('R', 37, '2019-07-03 08:32:49', 120, 'c1'),
('V', 38, '2019-07-03 08:32:49', 120, 'c2'),
('R', 39, '2019-07-03 08:32:49', 100, 'c2'),
('V', 40, '2019-07-03 08:32:49', 100, 'c1'),
('R', 41, '2019-07-03 09:44:10', 120, 'c1'),
('V', 42, '2019-07-03 09:44:10', 120, 'c2'),
('R', 43, '2019-07-03 09:44:10', 100, 'c2'),
('V', 44, '2019-07-03 09:44:10', 100, 'c1'),
('R', 45, '2019-07-03 09:52:52', 120, 'c1'),
('V', 46, '2019-07-03 09:52:52', 120, 'c2'),
('R', 47, '2019-07-03 09:52:52', 100, 'c2'),
('V', 48, '2019-07-03 09:52:52', 100, 'c1'),
('R', 49, '2019-07-03 10:03:23', 120, 'c1'),
('V', 50, '2019-07-03 10:03:23', 120, 'c2'),
('R', 51, '2019-07-03 10:03:23', 100, 'c2'),
('V', 52, '2019-07-03 10:03:23', 100, 'c1'),
('R', 53, '2019-07-03 10:05:24', 120, 'c1'),
('V', 54, '2019-07-03 10:05:24', 120, 'c2'),
('R', 55, '2019-07-03 10:05:24', 100, 'c2'),
('V', 56, '2019-07-03 10:05:24', 100, 'c1'),
('R', 57, '2019-07-03 10:06:12', 120, 'c1'),
('V', 58, '2019-07-03 10:06:12', 120, 'c2'),
('R', 59, '2019-07-03 10:06:12', 100, 'c2'),
('V', 60, '2019-07-03 10:06:12', 100, 'c1'),
('R', 61, '2019-07-03 10:08:59', 120, 'c1'),
('V', 62, '2019-07-03 10:08:59', 120, 'c2'),
('R', 63, '2019-07-03 10:09:00', 100, 'c2'),
('V', 64, '2019-07-03 10:09:00', 100, 'c1'),
('R', 65, '2019-07-03 10:10:19', 120, 'c1'),
('V', 66, '2019-07-03 10:10:19', 120, 'c2'),
('R', 67, '2019-07-03 10:10:19', 100, 'c2'),
('V', 68, '2019-07-03 10:10:19', 100, 'c1'),
('R', 69, '2019-07-03 10:26:22', 120, 'c1'),
('V', 70, '2019-07-03 10:26:22', 120, 'c2'),
('R', 71, '2019-07-03 10:26:22', 100, 'c2'),
('V', 72, '2019-07-03 10:26:22', 100, 'c1'),
('R', 73, '2019-07-03 10:30:41', 120, 'c1'),
('V', 74, '2019-07-03 10:30:41', 120, 'c2'),
('R', 75, '2019-07-03 10:30:41', 100, 'c2'),
('V', 76, '2019-07-03 10:30:41', 100, 'c1'),
('R', 77, '2019-07-03 10:32:09', 120, 'c1'),
('V', 78, '2019-07-03 10:32:09', 120, 'c2'),
('R', 79, '2019-07-03 10:32:09', 100, 'c2'),
('V', 80, '2019-07-03 10:32:09', 100, 'c1'),
('R', 81, '2019-07-03 10:32:19', 120, 'c1'),
('V', 82, '2019-07-03 10:32:19', 120, 'c2'),
('R', 83, '2019-07-03 10:32:19', 100, 'c2'),
('V', 84, '2019-07-03 10:32:19', 100, 'c1'),
('R', 85, '2019-07-03 10:32:57', 120, 'c1'),
('V', 86, '2019-07-03 10:32:57', 120, 'c2'),
('R', 87, '2019-07-03 10:32:57', 100, 'c2'),
('V', 88, '2019-07-03 10:32:57', 100, 'c1'),
('R', 89, '2019-07-03 10:36:14', 120, 'c1'),
('V', 90, '2019-07-03 10:36:14', 120, 'c2'),
('R', 91, '2019-07-03 10:36:14', 100, 'c2'),
('V', 92, '2019-07-03 10:36:14', 100, 'c1'),
('R', 93, '2019-07-03 10:37:17', 120, 'c1'),
('V', 94, '2019-07-03 10:37:17', 120, 'c2'),
('R', 95, '2019-07-03 10:37:17', 100, 'c2'),
('V', 96, '2019-07-03 10:37:17', 100, 'c1'),
('R', 97, '2019-07-03 10:41:08', 120, 'c1'),
('V', 98, '2019-07-03 10:41:08', 120, 'c2'),
('R', 99, '2019-07-03 10:41:08', 100, 'c2'),
('V', 100, '2019-07-03 10:41:08', 100, 'c1'),
('R', 101, '2019-07-03 10:47:53', 120, 'c1'),
('V', 102, '2019-07-03 10:47:53', 120, 'c2'),
('R', 103, '2019-07-03 10:47:53', 100, 'c2'),
('V', 104, '2019-07-03 10:47:53', 100, 'c1'),
('R', 105, '2019-07-03 10:49:22', 120, 'c1'),
('V', 106, '2019-07-03 10:49:22', 120, 'c2'),
('R', 107, '2019-07-03 10:49:22', 100, 'c2'),
('V', 108, '2019-07-03 10:49:22', 100, 'c1'),
('R', 109, '2019-07-03 10:52:04', 120, 'c1'),
('V', 110, '2019-07-03 10:52:04', 120, 'c2'),
('R', 111, '2019-07-03 10:52:05', 100, 'c2'),
('V', 112, '2019-07-03 10:52:05', 100, 'c1'),
('R', 113, '2019-07-03 10:53:40', 120, 'c1'),
('V', 114, '2019-07-03 10:53:40', 120, 'c2'),
('R', 115, '2019-07-03 10:53:40', 100, 'c2'),
('V', 116, '2019-07-03 10:53:40', 100, 'c1'),
('R', 117, '2019-07-03 10:55:19', 120, 'c1'),
('V', 118, '2019-07-03 10:55:19', 120, 'c2'),
('R', 119, '2019-07-03 10:55:19', 100, 'c2'),
('V', 120, '2019-07-03 10:55:19', 100, 'c1'),
('R', 121, '2019-07-03 10:55:31', 120, 'c1'),
('V', 122, '2019-07-03 10:55:31', 120, 'c2'),
('R', 123, '2019-07-03 10:55:31', 100, 'c2'),
('V', 124, '2019-07-03 10:55:31', 100, 'c1'),
('R', 125, '2019-07-03 11:12:16', 120, 'c1'),
('V', 126, '2019-07-03 11:12:16', 120, 'c2'),
('R', 127, '2019-07-03 11:12:16', 100, 'c2'),
('V', 128, '2019-07-03 11:12:16', 100, 'c1'),
('R', 129, '2019-07-03 11:48:55', 120, 'c1'),
('V', 130, '2019-07-03 11:48:55', 120, 'c2'),
('R', 131, '2019-07-03 11:48:55', 100, 'c2'),
('V', 132, '2019-07-03 11:48:55', 100, 'c1'),
('R', 133, '2019-07-03 11:56:29', 120, 'c1'),
('V', 134, '2019-07-03 11:56:29', 120, 'c2'),
('R', 135, '2019-07-03 11:56:29', 100, 'c2'),
('V', 136, '2019-07-03 11:56:29', 100, 'c1'),
('R', 137, '2019-07-03 11:58:38', 120, 'c1'),
('V', 138, '2019-07-03 11:58:38', 120, 'c2'),
('R', 139, '2019-07-03 11:58:38', 100, 'c2'),
('V', 140, '2019-07-03 11:58:38', 100, 'c1'),
('R', 141, '2019-07-03 11:59:48', 120, 'c1'),
('V', 142, '2019-07-03 11:59:48', 120, 'c2'),
('R', 143, '2019-07-03 11:59:48', 100, 'c2'),
('V', 144, '2019-07-03 11:59:48', 100, 'c1'),
('R', 145, '2019-07-03 12:02:34', 120, 'c1'),
('V', 146, '2019-07-03 12:02:34', 120, 'c2'),
('R', 147, '2019-07-03 12:02:34', 100, 'c2'),
('V', 148, '2019-07-03 12:02:34', 100, 'c1'),
('R', 149, '2019-07-03 12:06:49', 120, 'c1'),
('V', 150, '2019-07-03 12:06:49', 120, 'c2'),
('R', 151, '2019-07-03 12:06:49', 100, 'c2'),
('V', 152, '2019-07-03 12:06:49', 100, 'c1'),
('R', 153, '2019-07-03 12:07:04', 120, 'c1'),
('V', 154, '2019-07-03 12:07:04', 120, 'c2'),
('R', 155, '2019-07-03 12:07:04', 100, 'c2'),
('V', 156, '2019-07-03 12:07:04', 100, 'c1'),
('R', 157, '2019-07-03 12:10:27', 120, 'c1'),
('V', 158, '2019-07-03 12:10:27', 120, 'c2'),
('R', 159, '2019-07-03 12:10:27', 100, 'c2'),
('V', 160, '2019-07-03 12:10:27', 100, 'c1'),
('R', 161, '2019-07-03 12:13:55', 120, 'c1'),
('V', 162, '2019-07-03 12:13:55', 120, 'c2'),
('R', 163, '2019-07-03 12:13:55', 100, 'c2'),
('V', 164, '2019-07-03 12:13:55', 100, 'c1'),
('R', 165, '2019-07-03 12:15:08', 120, 'c1'),
('V', 166, '2019-07-03 12:15:08', 120, 'c2'),
('R', 167, '2019-07-03 12:15:08', 100, 'c2'),
('V', 168, '2019-07-03 12:15:08', 100, 'c1'),
('R', 169, '2019-07-03 12:16:14', 120, 'c1'),
('V', 170, '2019-07-03 12:16:14', 120, 'c2'),
('R', 171, '2019-07-03 12:16:14', 100, 'c2'),
('V', 172, '2019-07-03 12:16:14', 100, 'c1'),
('R', 173, '2019-07-03 12:17:07', 120, 'c1'),
('V', 174, '2019-07-03 12:17:07', 120, 'c2'),
('R', 175, '2019-07-03 12:17:07', 100, 'c2'),
('V', 176, '2019-07-03 12:17:07', 100, 'c1'),
('R', 177, '2019-07-03 12:18:33', 120, 'c1'),
('V', 178, '2019-07-03 12:18:33', 120, 'c2'),
('R', 179, '2019-07-03 12:18:33', 100, 'c2'),
('V', 180, '2019-07-03 12:18:33', 100, 'c1'),
('R', 181, '2019-07-03 14:48:54', 120, 'c1'),
('V', 182, '2019-07-03 14:48:54', 120, 'c2'),
('R', 183, '2019-07-03 14:48:54', 100, 'c2'),
('V', 184, '2019-07-03 14:48:54', 100, 'c1'),
('R', 185, '2019-07-03 15:37:22', 120, 'c1'),
('V', 186, '2019-07-03 15:37:22', 120, 'c2'),
('R', 187, '2019-07-03 15:37:22', 100, 'c2'),
('V', 188, '2019-07-03 15:37:22', 100, 'c1'),
('R', 189, '2019-07-03 15:39:08', 120, 'c1'),
('V', 190, '2019-07-03 15:39:08', 120, 'c2'),
('R', 191, '2019-07-03 15:39:08', 100, 'c2'),
('V', 192, '2019-07-03 15:39:08', 100, 'c1'),
('R', 193, '2019-07-03 16:02:37', 120, 'c1'),
('V', 194, '2019-07-03 16:02:37', 120, 'c2'),
('R', 195, '2019-07-03 16:02:38', 100, 'c2'),
('V', 196, '2019-07-03 16:02:38', 100, 'c1'),
('R', 197, '2019-07-03 16:04:50', 120, 'c1'),
('V', 198, '2019-07-03 16:04:50', 120, 'c2'),
('R', 199, '2019-07-03 16:04:50', 100, 'c2'),
('V', 200, '2019-07-03 16:04:50', 100, 'c1'),
('R', 201, '2019-07-03 16:09:26', 120, 'c1'),
('V', 202, '2019-07-03 16:09:26', 120, 'c2'),
('R', 203, '2019-07-03 16:09:26', 100, 'c2'),
('V', 204, '2019-07-03 16:09:26', 100, 'c1'),
('R', 205, '2019-07-03 16:12:48', 120, 'c1'),
('V', 206, '2019-07-03 16:12:48', 120, 'c2'),
('R', 207, '2019-07-03 16:12:48', 100, 'c2'),
('V', 208, '2019-07-03 16:12:48', 100, 'c1'),
('R', 209, '2019-07-03 22:38:45', 120, 'c1'),
('V', 210, '2019-07-03 22:38:45', 120, 'c2'),
('R', 211, '2019-07-03 22:38:45', 100, 'c2'),
('V', 212, '2019-07-03 22:38:45', 100, 'c1'),
('R', 213, '2019-07-03 22:40:24', 120, 'c1'),
('V', 214, '2019-07-03 22:40:24', 120, 'c2'),
('R', 215, '2019-07-03 22:40:24', 100, 'c2'),
('V', 216, '2019-07-03 22:40:24', 100, 'c1'),
('R', 217, '2019-07-03 22:48:51', 120, 'c1'),
('V', 218, '2019-07-03 22:48:51', 120, 'c2'),
('R', 219, '2019-07-03 22:48:51', 100, 'c2'),
('V', 220, '2019-07-03 22:48:51', 100, 'c1'),
('R', 221, '2019-07-04 12:24:08', 120, 'c1'),
('V', 222, '2019-07-04 12:24:08', 120, 'c2'),
('R', 223, '2019-07-04 12:24:08', 100, 'c2'),
('V', 224, '2019-07-04 12:24:08', 100, 'c1'),
('R', 225, '2019-07-04 15:07:33', 120, 'c1'),
('V', 226, '2019-07-04 15:07:33', 120, 'c2'),
('R', 227, '2019-07-04 15:07:33', 100, 'c2'),
('V', 228, '2019-07-04 15:07:33', 100, 'c1'),
('R', 229, '2019-07-04 15:31:06', 120, 'c1'),
('V', 230, '2019-07-04 15:31:06', 120, 'c2'),
('R', 231, '2019-07-04 15:31:07', 100, 'c2'),
('V', 232, '2019-07-04 15:31:07', 100, 'c1'),
('R', 233, '2019-07-04 15:33:04', 120, 'c1'),
('V', 234, '2019-07-04 15:33:04', 120, 'c2'),
('R', 235, '2019-07-04 15:33:04', 100, 'c2'),
('V', 236, '2019-07-04 15:33:04', 100, 'c1'),
('R', 237, '2019-07-04 15:33:14', 120, 'c1'),
('V', 238, '2019-07-04 15:33:14', 120, 'c2'),
('R', 239, '2019-07-04 15:33:14', 100, 'c2'),
('V', 240, '2019-07-04 15:33:14', 100, 'c1'),
('R', 241, '2019-07-04 16:08:08', 120, 'c1'),
('V', 242, '2019-07-04 16:08:08', 120, 'c2'),
('R', 243, '2019-07-04 16:08:08', 100, 'c2'),
('V', 244, '2019-07-04 16:08:08', 100, 'c1'),
('R', 245, '2019-07-04 16:09:49', 120, 'c1'),
('V', 246, '2019-07-04 16:09:49', 120, 'c2'),
('R', 247, '2019-07-04 16:09:49', 100, 'c2'),
('V', 248, '2019-07-04 16:09:49', 100, 'c1'),
('R', 249, '2019-07-04 17:29:51', 120, 'c1'),
('V', 250, '2019-07-04 17:29:51', 120, 'c2'),
('R', 251, '2019-07-04 17:29:52', 100, 'c2'),
('V', 252, '2019-07-04 17:29:52', 100, 'c1'),
('R', 253, '2019-07-04 18:16:18', 120, 'c1'),
('V', 254, '2019-07-04 18:16:18', 120, 'c2'),
('R', 255, '2019-07-04 18:16:18', 100, 'c2'),
('V', 256, '2019-07-04 18:16:18', 100, 'c1'),
('R', 257, '2019-07-04 18:18:08', 120, 'c1'),
('V', 258, '2019-07-04 18:18:08', 120, 'c2'),
('R', 259, '2019-07-04 18:18:08', 100, 'c2'),
('V', 260, '2019-07-04 18:18:08', 100, 'c1'),
('R', 261, '2019-07-04 18:27:03', 120, 'c1'),
('V', 262, '2019-07-04 18:27:03', 120, 'c2'),
('R', 263, '2019-07-04 18:27:03', 100, 'c2'),
('V', 264, '2019-07-04 18:27:03', 100, 'c1'),
('R', 265, '2019-07-04 18:36:09', 120, 'c1'),
('V', 266, '2019-07-04 18:36:09', 120, 'c2'),
('R', 267, '2019-07-04 18:36:09', 100, 'c2'),
('V', 268, '2019-07-04 18:36:09', 100, 'c1'),
('R', 269, '2019-07-04 23:05:24', 120, 'c1'),
('V', 270, '2019-07-04 23:05:24', 120, 'c2'),
('R', 271, '2019-07-04 23:05:24', 100, 'c2'),
('V', 272, '2019-07-04 23:05:24', 100, 'c1'),
('R', 273, '2019-07-04 23:06:27', 120, 'c1'),
('V', 274, '2019-07-04 23:06:27', 120, 'c2'),
('R', 275, '2019-07-04 23:06:27', 100, 'c2'),
('V', 276, '2019-07-04 23:06:27', 100, 'c1'),
('R', 277, '2019-07-04 23:14:23', 120, 'c1'),
('V', 278, '2019-07-04 23:14:23', 120, 'c2'),
('R', 279, '2019-07-04 23:14:23', 100, 'c2'),
('V', 280, '2019-07-04 23:14:23', 100, 'c1'),
('R', 281, '2019-07-04 23:29:46', 120, 'c1'),
('V', 282, '2019-07-04 23:29:46', 120, 'c2'),
('R', 283, '2019-07-04 23:29:47', 100, 'c2'),
('V', 284, '2019-07-04 23:29:47', 100, 'c1'),
('R', 285, '2019-07-04 23:33:23', 120, 'c1'),
('V', 286, '2019-07-04 23:33:23', 120, 'c2'),
('R', 287, '2019-07-04 23:33:23', 100, 'c2'),
('V', 288, '2019-07-04 23:33:23', 100, 'c1'),
('R', 289, '2019-07-04 23:33:50', 120, 'c1'),
('V', 290, '2019-07-04 23:33:50', 120, 'c2'),
('R', 291, '2019-07-04 23:33:50', 100, 'c2'),
('V', 292, '2019-07-04 23:33:50', 100, 'c1'),
('R', 293, '2019-07-04 23:47:09', 120, 'c1'),
('V', 294, '2019-07-04 23:47:09', 120, 'c2'),
('R', 295, '2019-07-04 23:47:09', 100, 'c2'),
('V', 296, '2019-07-04 23:47:09', 100, 'c1'),
('R', 297, '2019-07-05 00:17:10', 120, 'c1'),
('V', 298, '2019-07-05 00:17:10', 120, 'c2'),
('R', 299, '2019-07-05 00:17:10', 100, 'c2'),
('V', 300, '2019-07-05 00:17:10', 100, 'c1'),
('R', 301, '2019-07-05 00:19:13', 120, 'c1'),
('V', 302, '2019-07-05 00:19:13', 120, 'c2'),
('R', 303, '2019-07-05 00:19:13', 100, 'c2'),
('V', 304, '2019-07-05 00:19:13', 100, 'c1'),
('R', 305, '2019-07-05 00:21:48', 120, 'c1'),
('V', 306, '2019-07-05 00:21:48', 120, 'c2'),
('R', 307, '2019-07-05 00:21:49', 100, 'c2'),
('V', 308, '2019-07-05 00:21:49', 100, 'c1'),
('R', 309, '2019-07-05 00:33:38', 120, 'c1'),
('V', 310, '2019-07-05 00:33:38', 120, 'c2'),
('R', 311, '2019-07-05 00:33:38', 100, 'c2'),
('V', 312, '2019-07-05 00:33:38', 100, 'c1'),
('R', 313, '2019-07-05 00:33:45', 120, 'c1'),
('V', 314, '2019-07-05 00:33:45', 120, 'c2'),
('R', 315, '2019-07-05 00:33:45', 100, 'c2'),
('V', 316, '2019-07-05 00:33:45', 100, 'c1'),
('R', 317, '2019-07-05 09:43:58', 120, 'c1'),
('V', 318, '2019-07-05 09:43:59', 120, 'c2'),
('R', 319, '2019-07-05 09:43:59', 100, 'c2'),
('V', 320, '2019-07-05 09:43:59', 100, 'c1'),
('R', 321, '2019-07-05 09:46:37', 120, 'c1'),
('V', 322, '2019-07-05 09:46:37', 120, 'c2'),
('R', 323, '2019-07-05 09:46:37', 100, 'c2'),
('V', 324, '2019-07-05 09:46:37', 100, 'c1'),
('R', 325, '2019-07-05 11:26:18', 120, 'c1'),
('V', 326, '2019-07-05 11:26:18', 120, 'c2'),
('R', 327, '2019-07-05 11:26:18', 100, 'c2'),
('V', 328, '2019-07-05 11:26:18', 100, 'c1'),
('R', 329, '2019-07-05 11:33:22', 120, 'c1'),
('V', 330, '2019-07-05 11:33:22', 120, 'c2'),
('R', 331, '2019-07-05 11:33:22', 100, 'c2'),
('V', 332, '2019-07-05 11:33:22', 100, 'c1'),
('R', 333, '2019-07-05 11:35:11', 120, 'c1'),
('V', 334, '2019-07-05 11:35:11', 120, 'c2'),
('R', 335, '2019-07-05 11:35:11', 100, 'c2'),
('V', 336, '2019-07-05 11:35:11', 100, 'c1'),
('R', 337, '2019-07-05 11:36:39', 120, 'c1'),
('V', 338, '2019-07-05 11:36:39', 120, 'c2'),
('R', 339, '2019-07-05 11:36:40', 100, 'c2'),
('V', 340, '2019-07-05 11:36:40', 100, 'c1'),
('R', 341, '2019-07-05 11:40:09', 120, 'c1'),
('V', 342, '2019-07-05 11:40:09', 120, 'c2'),
('R', 343, '2019-07-05 11:40:09', 100, 'c2'),
('V', 344, '2019-07-05 11:40:09', 100, 'c1'),
('R', 345, '2019-07-05 11:41:17', 120, 'c1'),
('V', 346, '2019-07-05 11:41:17', 120, 'c2'),
('R', 347, '2019-07-05 11:41:17', 100, 'c2'),
('V', 348, '2019-07-05 11:41:17', 100, 'c1'),
('R', 349, '2019-07-05 11:42:42', 120, 'c1'),
('V', 350, '2019-07-05 11:42:42', 120, 'c2'),
('R', 351, '2019-07-05 11:42:42', 100, 'c2'),
('V', 352, '2019-07-05 11:42:42', 100, 'c1'),
('R', 353, '2019-07-05 11:44:47', 120, 'c1'),
('V', 354, '2019-07-05 11:44:47', 120, 'c2'),
('R', 355, '2019-07-05 11:44:47', 100, 'c2'),
('V', 356, '2019-07-05 11:44:47', 100, 'c1'),
('R', 357, '2019-07-05 11:45:43', 120, 'c1'),
('V', 358, '2019-07-05 11:45:43', 120, 'c2'),
('R', 359, '2019-07-05 11:45:43', 100, 'c2'),
('V', 360, '2019-07-05 11:45:43', 100, 'c1'),
('R', 361, '2019-07-05 11:46:16', 120, 'c1'),
('V', 362, '2019-07-05 11:46:16', 120, 'c2'),
('R', 363, '2019-07-05 11:46:17', 100, 'c2'),
('V', 364, '2019-07-05 11:46:17', 100, 'c1'),
('R', 365, '2019-07-05 11:47:15', 120, 'c1'),
('V', 366, '2019-07-05 11:47:15', 120, 'c2'),
('R', 367, '2019-07-05 11:47:16', 100, 'c2'),
('V', 368, '2019-07-05 11:47:16', 100, 'c1'),
('R', 369, '2019-07-05 11:47:51', 120, 'c1'),
('V', 370, '2019-07-05 11:47:51', 120, 'c2'),
('R', 371, '2019-07-05 11:47:52', 100, 'c2'),
('V', 372, '2019-07-05 11:47:52', 100, 'c1'),
('R', 373, '2019-07-05 11:49:04', 120, 'c1'),
('V', 374, '2019-07-05 11:49:04', 120, 'c2'),
('R', 375, '2019-07-05 11:49:04', 100, 'c2'),
('V', 376, '2019-07-05 11:49:04', 100, 'c1'),
('R', 377, '2019-07-05 11:58:20', 120, 'c1'),
('V', 378, '2019-07-05 11:58:20', 120, 'c2'),
('R', 379, '2019-07-05 11:58:20', 100, 'c2'),
('V', 380, '2019-07-05 11:58:20', 100, 'c1'),
('R', 381, '2019-07-05 19:06:27', 120, 'c1'),
('V', 382, '2019-07-05 19:06:27', 120, 'c2'),
('R', 383, '2019-07-05 19:06:27', 100, 'c2'),
('V', 384, '2019-07-05 19:06:27', 100, 'c1'),
('R', 385, '2019-07-05 19:10:21', 120, 'c1'),
('V', 386, '2019-07-05 19:10:21', 120, 'c2'),
('R', 387, '2019-07-05 19:10:21', 100, 'c2'),
('V', 388, '2019-07-05 19:10:21', 100, 'c1'),
('R', 389, '2019-07-05 19:12:01', 120, 'c1'),
('V', 390, '2019-07-05 19:12:01', 120, 'c2'),
('R', 391, '2019-07-05 19:12:01', 100, 'c2'),
('V', 392, '2019-07-05 19:12:01', 100, 'c1'),
('R', 393, '2019-07-05 19:20:11', 120, 'c1'),
('V', 394, '2019-07-05 19:20:11', 120, 'c2'),
('R', 395, '2019-07-05 19:20:11', 100, 'c2'),
('V', 396, '2019-07-05 19:20:11', 100, 'c1'),
('R', 397, '2019-07-05 19:23:55', 120, 'c1'),
('V', 398, '2019-07-05 19:23:55', 120, 'c2'),
('R', 399, '2019-07-05 19:23:55', 100, 'c2'),
('V', 400, '2019-07-05 19:23:55', 100, 'c1'),
('R', 401, '2019-07-05 19:26:04', 120, 'c1'),
('V', 402, '2019-07-05 19:26:04', 120, 'c2'),
('R', 403, '2019-07-05 19:26:04', 100, 'c2'),
('V', 404, '2019-07-05 19:26:04', 100, 'c1'),
('R', 405, '2019-07-05 19:28:44', 120, 'c1'),
('V', 406, '2019-07-05 19:28:44', 120, 'c2'),
('R', 407, '2019-07-05 19:28:44', 100, 'c2'),
('V', 408, '2019-07-05 19:28:44', 100, 'c1'),
('R', 409, '2019-07-05 19:30:20', 120, 'c1'),
('V', 410, '2019-07-05 19:30:20', 120, 'c2'),
('R', 411, '2019-07-05 19:30:20', 100, 'c2'),
('V', 412, '2019-07-05 19:30:20', 100, 'c1'),
('R', 413, '2019-07-05 19:32:46', 120, 'c1'),
('V', 414, '2019-07-05 19:32:46', 120, 'c2'),
('R', 415, '2019-07-05 19:32:47', 100, 'c2'),
('V', 416, '2019-07-05 19:32:47', 100, 'c1'),
('R', 417, '2019-07-05 19:33:05', 120, 'c1'),
('V', 418, '2019-07-05 19:33:05', 120, 'c2'),
('R', 419, '2019-07-05 19:33:05', 100, 'c2'),
('V', 420, '2019-07-05 19:33:05', 100, 'c1'),
('R', 421, '2019-07-05 19:33:20', 120, 'c1'),
('V', 422, '2019-07-05 19:33:20', 120, 'c2'),
('R', 423, '2019-07-05 19:33:21', 100, 'c2'),
('V', 424, '2019-07-05 19:33:21', 100, 'c1'),
('R', 425, '2019-07-05 19:37:14', 120, 'c1'),
('V', 426, '2019-07-05 19:37:14', 120, 'c2'),
('R', 427, '2019-07-05 19:37:14', 100, 'c2'),
('V', 428, '2019-07-05 19:37:14', 100, 'c1'),
('R', 429, '2019-07-05 19:38:49', 120, 'c1'),
('V', 430, '2019-07-05 19:38:49', 120, 'c2'),
('R', 431, '2019-07-05 19:38:49', 100, 'c2'),
('V', 432, '2019-07-05 19:38:49', 100, 'c1'),
('R', 433, '2019-07-05 19:40:11', 120, 'c1'),
('V', 434, '2019-07-05 19:40:11', 120, 'c2'),
('R', 435, '2019-07-05 19:40:11', 100, 'c2'),
('V', 436, '2019-07-05 19:40:11', 100, 'c1'),
('R', 437, '2019-07-05 19:49:58', 120, 'c1'),
('V', 438, '2019-07-05 19:49:58', 120, 'c2'),
('R', 439, '2019-07-05 19:49:58', 100, 'c2'),
('V', 440, '2019-07-05 19:49:58', 100, 'c1'),
('R', 441, '2019-07-05 19:54:21', 120, 'c1'),
('V', 442, '2019-07-05 19:54:21', 120, 'c2'),
('R', 443, '2019-07-05 19:54:22', 100, 'c2'),
('V', 444, '2019-07-05 19:54:22', 100, 'c1'),
('R', 445, '2019-07-05 19:56:01', 120, 'c1'),
('V', 446, '2019-07-05 19:56:01', 120, 'c2'),
('R', 447, '2019-07-05 19:56:01', 100, 'c2'),
('V', 448, '2019-07-05 19:56:01', 100, 'c1'),
('R', 449, '2019-07-05 19:56:16', 120, 'c1'),
('V', 450, '2019-07-05 19:56:16', 120, 'c2'),
('R', 451, '2019-07-05 19:56:16', 100, 'c2'),
('V', 452, '2019-07-05 19:56:16', 100, 'c1'),
('R', 453, '2019-07-05 19:56:56', 120, 'c1'),
('V', 454, '2019-07-05 19:56:56', 120, 'c2'),
('R', 455, '2019-07-05 19:56:56', 100, 'c2'),
('V', 456, '2019-07-05 19:56:56', 100, 'c1'),
('R', 457, '2019-07-05 19:58:16', 120, 'c1'),
('V', 458, '2019-07-05 19:58:16', 120, 'c2'),
('R', 459, '2019-07-05 19:58:17', 100, 'c2'),
('V', 460, '2019-07-05 19:58:17', 100, 'c1'),
('R', 461, '2019-07-05 19:59:07', 120, 'c1'),
('V', 462, '2019-07-05 19:59:07', 120, 'c2'),
('R', 463, '2019-07-05 19:59:08', 100, 'c2'),
('V', 464, '2019-07-05 19:59:08', 100, 'c1'),
('R', 465, '2019-07-05 20:04:36', 120, 'c1'),
('V', 466, '2019-07-05 20:04:36', 120, 'c2'),
('R', 467, '2019-07-05 20:04:36', 100, 'c2'),
('V', 468, '2019-07-05 20:04:36', 100, 'c1'),
('R', 469, '2019-07-05 20:14:38', 120, 'c1'),
('V', 470, '2019-07-05 20:14:38', 120, 'c2'),
('R', 471, '2019-07-05 20:14:38', 100, 'c2'),
('V', 472, '2019-07-05 20:14:38', 100, 'c1'),
('R', 473, '2019-07-05 20:19:29', 120, 'c1'),
('V', 474, '2019-07-05 20:19:29', 120, 'c2'),
('R', 475, '2019-07-05 20:19:29', 100, 'c2'),
('V', 476, '2019-07-05 20:19:29', 100, 'c1'),
('R', 477, '2019-07-05 20:19:54', 120, 'c1'),
('V', 478, '2019-07-05 20:19:54', 120, 'c2'),
('R', 479, '2019-07-05 20:19:54', 100, 'c2'),
('V', 480, '2019-07-05 20:19:54', 100, 'c1'),
('R', 481, '2019-07-05 20:23:39', 120, 'c1'),
('V', 482, '2019-07-05 20:23:39', 120, 'c2'),
('R', 483, '2019-07-05 20:23:39', 100, 'c2'),
('V', 484, '2019-07-05 20:23:39', 100, 'c1'),
('R', 485, '2019-07-05 20:25:52', 120, 'c1'),
('V', 486, '2019-07-05 20:25:52', 120, 'c2'),
('R', 487, '2019-07-05 20:25:52', 100, 'c2'),
('V', 488, '2019-07-05 20:25:52', 100, 'c1'),
('R', 489, '2019-07-05 20:26:17', 120, 'c1'),
('V', 490, '2019-07-05 20:26:17', 120, 'c2'),
('R', 491, '2019-07-05 20:26:17', 100, 'c2'),
('V', 492, '2019-07-05 20:26:17', 100, 'c1'),
('R', 493, '2019-07-05 20:26:48', 120, 'c1'),
('V', 494, '2019-07-05 20:26:48', 120, 'c2'),
('R', 495, '2019-07-05 20:26:48', 100, 'c2'),
('V', 496, '2019-07-05 20:26:48', 100, 'c1'),
('R', 497, '2019-07-05 20:30:23', 120, 'c1'),
('V', 498, '2019-07-05 20:30:23', 120, 'c2'),
('R', 499, '2019-07-05 20:30:24', 100, 'c2'),
('V', 500, '2019-07-05 20:30:24', 100, 'c1'),
('R', 501, '2019-07-05 20:31:28', 120, 'c1'),
('V', 502, '2019-07-05 20:31:28', 120, 'c2'),
('R', 503, '2019-07-05 20:31:28', 100, 'c2'),
('V', 504, '2019-07-05 20:31:28', 100, 'c1'),
('R', 505, '2019-07-05 20:32:52', 120, 'c1'),
('V', 506, '2019-07-05 20:32:53', 120, 'c2'),
('R', 507, '2019-07-05 20:32:53', 100, 'c2'),
('V', 508, '2019-07-05 20:32:53', 100, 'c1'),
('R', 509, '2019-07-05 20:33:18', 120, 'c1'),
('V', 510, '2019-07-05 20:33:18', 120, 'c2'),
('R', 511, '2019-07-05 20:33:18', 100, 'c2'),
('V', 512, '2019-07-05 20:33:18', 100, 'c1'),
('R', 513, '2019-07-05 20:34:32', 120, 'c1'),
('V', 514, '2019-07-05 20:34:32', 120, 'c2'),
('R', 515, '2019-07-05 20:34:32', 100, 'c2'),
('V', 516, '2019-07-05 20:34:32', 100, 'c1'),
('R', 517, '2019-07-05 20:43:25', 120, 'c1'),
('V', 518, '2019-07-05 20:43:25', 120, 'c2'),
('R', 519, '2019-07-05 20:43:25', 100, 'c2'),
('V', 520, '2019-07-05 20:43:25', 100, 'c1'),
('R', 521, '2019-07-06 08:23:53', 120, 'c1'),
('V', 522, '2019-07-06 08:23:53', 120, 'c2'),
('R', 523, '2019-07-06 08:23:53', 100, 'c2'),
('V', 524, '2019-07-06 08:23:53', 100, 'c1'),
('R', 525, '2019-07-06 08:24:12', 120, 'c1'),
('V', 526, '2019-07-06 08:24:12', 120, 'c2'),
('R', 527, '2019-07-06 08:24:12', 100, 'c2'),
('V', 528, '2019-07-06 08:24:12', 100, 'c1'),
('R', 529, '2019-07-06 08:26:08', 120, 'c1'),
('V', 530, '2019-07-06 08:26:08', 120, 'c2'),
('R', 531, '2019-07-06 08:26:08', 100, 'c2'),
('V', 532, '2019-07-06 08:26:08', 100, 'c1'),
('R', 533, '2019-07-06 08:26:38', 120, 'c1'),
('V', 534, '2019-07-06 08:26:39', 120, 'c2'),
('R', 535, '2019-07-06 08:26:39', 100, 'c2'),
('V', 536, '2019-07-06 08:26:39', 100, 'c1'),
('R', 537, '2019-07-06 08:27:23', 120, 'c1'),
('V', 538, '2019-07-06 08:27:23', 120, 'c2'),
('R', 539, '2019-07-06 08:27:23', 100, 'c2'),
('V', 540, '2019-07-06 08:27:23', 100, 'c1'),
('R', 541, '2019-07-06 09:07:47', 120, 'c1'),
('V', 542, '2019-07-06 09:07:47', 120, 'c2'),
('R', 543, '2019-07-06 09:07:47', 100, 'c2'),
('V', 544, '2019-07-06 09:07:47', 100, 'c1'),
('R', 545, '2019-07-06 09:09:25', 120, 'c1'),
('V', 546, '2019-07-06 09:09:25', 120, 'c2'),
('R', 547, '2019-07-06 09:09:25', 100, 'c2'),
('V', 548, '2019-07-06 09:09:25', 100, 'c1'),
('R', 549, '2019-07-06 09:27:02', 120, 'c1'),
('V', 550, '2019-07-06 09:27:02', 120, 'c2'),
('R', 551, '2019-07-06 09:27:02', 100, 'c2'),
('V', 552, '2019-07-06 09:27:02', 100, 'c1'),
('R', 553, '2019-07-06 09:27:22', 120, 'c1'),
('V', 554, '2019-07-06 09:27:22', 120, 'c2'),
('R', 555, '2019-07-06 09:27:22', 100, 'c2'),
('V', 556, '2019-07-06 09:27:22', 100, 'c1'),
('R', 557, '2019-07-06 09:27:48', 120, 'c1'),
('V', 558, '2019-07-06 09:27:48', 120, 'c2'),
('R', 559, '2019-07-06 09:27:48', 100, 'c2'),
('V', 560, '2019-07-06 09:27:48', 100, 'c1'),
('R', 561, '2019-07-06 10:50:10', 120, 'c1'),
('V', 562, '2019-07-06 10:50:10', 120, 'c2'),
('R', 563, '2019-07-06 10:50:10', 100, 'c2'),
('V', 564, '2019-07-06 10:50:10', 100, 'c1'),
('R', 565, '2019-07-06 10:57:31', 120, 'c1'),
('V', 566, '2019-07-06 10:57:31', 120, 'c2'),
('R', 567, '2019-07-06 10:57:31', 100, 'c2'),
('V', 568, '2019-07-06 10:57:31', 100, 'c1'),
('R', 569, '2019-07-06 12:13:10', 120, 'c1'),
('V', 570, '2019-07-06 12:13:10', 120, 'c2'),
('R', 571, '2019-07-06 12:13:10', 100, 'c2'),
('V', 572, '2019-07-06 12:13:10', 100, 'c1'),
('R', 573, '2019-07-06 12:19:08', 120, 'c1'),
('V', 574, '2019-07-06 12:19:08', 120, 'c2'),
('R', 575, '2019-07-06 12:19:08', 100, 'c2'),
('V', 576, '2019-07-06 12:19:08', 100, 'c1'),
('R', 577, '2019-07-06 12:23:40', 120, 'c1'),
('V', 578, '2019-07-06 12:23:40', 120, 'c2'),
('R', 579, '2019-07-06 12:23:40', 100, 'c2'),
('V', 580, '2019-07-06 12:23:40', 100, 'c1'),
('R', 581, '2019-07-06 12:24:37', 120, 'c1'),
('V', 582, '2019-07-06 12:24:37', 120, 'c2'),
('R', 583, '2019-07-06 12:24:37', 100, 'c2'),
('V', 584, '2019-07-06 12:24:37', 100, 'c1'),
('R', 585, '2019-07-06 12:25:46', 120, 'c1'),
('V', 586, '2019-07-06 12:25:46', 120, 'c2'),
('R', 587, '2019-07-06 12:25:47', 100, 'c2'),
('V', 588, '2019-07-06 12:25:47', 100, 'c1'),
('R', 589, '2019-07-06 12:26:37', 120, 'c1'),
('V', 590, '2019-07-06 12:26:37', 120, 'c2'),
('R', 591, '2019-07-06 12:26:37', 100, 'c2'),
('V', 592, '2019-07-06 12:26:37', 100, 'c1'),
('R', 593, '2019-07-06 12:27:15', 120, 'c1'),
('V', 594, '2019-07-06 12:27:15', 120, 'c2'),
('R', 595, '2019-07-06 12:27:15', 100, 'c2'),
('V', 596, '2019-07-06 12:27:15', 100, 'c1'),
('R', 597, '2019-07-06 12:28:36', 120, 'c1'),
('V', 598, '2019-07-06 12:28:36', 120, 'c2'),
('R', 599, '2019-07-06 12:28:36', 100, 'c2'),
('V', 600, '2019-07-06 12:28:36', 100, 'c1'),
('R', 601, '2019-07-06 12:28:50', 120, 'c1'),
('V', 602, '2019-07-06 12:28:50', 120, 'c2'),
('R', 603, '2019-07-06 12:28:50', 100, 'c2'),
('V', 604, '2019-07-06 12:28:50', 100, 'c1'),
('R', 605, '2019-07-06 12:34:50', 120, 'c1'),
('V', 606, '2019-07-06 12:34:50', 120, 'c2'),
('R', 607, '2019-07-06 12:34:50', 100, 'c2'),
('V', 608, '2019-07-06 12:34:50', 100, 'c1'),
('R', 609, '2019-07-06 12:36:15', 120, 'c1'),
('V', 610, '2019-07-06 12:36:15', 120, 'c2'),
('R', 611, '2019-07-06 12:36:15', 100, 'c2'),
('V', 612, '2019-07-06 12:36:15', 100, 'c1'),
('R', 613, '2019-07-06 12:43:57', 120, 'c1'),
('V', 614, '2019-07-06 12:43:57', 120, 'c2'),
('R', 615, '2019-07-06 12:43:57', 100, 'c2'),
('V', 616, '2019-07-06 12:43:57', 100, 'c1'),
('R', 617, '2019-07-06 13:00:45', 120, 'c1'),
('V', 618, '2019-07-06 13:00:45', 120, 'c2'),
('R', 619, '2019-07-06 13:00:45', 100, 'c2'),
('V', 620, '2019-07-06 13:00:45', 100, 'c1'),
('R', 621, '2019-07-06 13:01:49', 120, 'c1'),
('V', 622, '2019-07-06 13:01:50', 120, 'c2'),
('R', 623, '2019-07-06 13:01:50', 100, 'c2'),
('V', 624, '2019-07-06 13:01:50', 100, 'c1'),
('R', 625, '2019-07-06 13:02:06', 120, 'c1'),
('V', 626, '2019-07-06 13:02:06', 120, 'c2'),
('R', 627, '2019-07-06 13:02:06', 100, 'c2'),
('V', 628, '2019-07-06 13:02:06', 100, 'c1'),
('R', 629, '2019-07-06 13:02:12', 120, 'c1'),
('V', 630, '2019-07-06 13:02:12', 120, 'c2'),
('R', 631, '2019-07-06 13:02:12', 100, 'c2'),
('V', 632, '2019-07-06 13:02:12', 100, 'c1'),
('R', 633, '2019-07-06 13:16:07', 120, 'c1'),
('V', 634, '2019-07-06 13:16:07', 120, 'c2'),
('R', 635, '2019-07-06 13:16:08', 100, 'c2'),
('V', 636, '2019-07-06 13:16:08', 100, 'c1'),
('R', 637, '2019-07-06 13:16:41', 120, 'c1'),
('V', 638, '2019-07-06 13:16:42', 120, 'c2'),
('R', 639, '2019-07-06 13:16:42', 100, 'c2'),
('V', 640, '2019-07-06 13:16:42', 100, 'c1'),
('R', 641, '2019-07-06 13:18:01', 120, 'c1'),
('V', 642, '2019-07-06 13:18:01', 120, 'c2'),
('R', 643, '2019-07-06 13:18:01', 100, 'c2'),
('V', 644, '2019-07-06 13:18:01', 100, 'c1'),
('R', 645, '2019-07-06 13:18:55', 120, 'c1'),
('V', 646, '2019-07-06 13:18:55', 120, 'c2'),
('R', 647, '2019-07-06 13:18:55', 100, 'c2'),
('V', 648, '2019-07-06 13:18:55', 100, 'c1'),
('R', 649, '2019-07-06 13:19:09', 120, 'c1'),
('V', 650, '2019-07-06 13:19:09', 120, 'c2'),
('R', 651, '2019-07-06 13:19:09', 100, 'c2'),
('V', 652, '2019-07-06 13:19:09', 100, 'c1'),
('R', 653, '2019-07-06 13:19:19', 120, 'c1'),
('V', 654, '2019-07-06 13:19:19', 120, 'c2'),
('R', 655, '2019-07-06 13:19:19', 100, 'c2'),
('V', 656, '2019-07-06 13:19:19', 100, 'c1'),
('R', 657, '2019-07-06 13:19:53', 120, 'c1'),
('V', 658, '2019-07-06 13:19:53', 120, 'c2'),
('R', 659, '2019-07-06 13:19:53', 100, 'c2'),
('V', 660, '2019-07-06 13:19:53', 100, 'c1'),
('R', 661, '2019-07-06 13:32:32', 120, 'c1'),
('V', 662, '2019-07-06 13:32:32', 120, 'c2'),
('R', 663, '2019-07-06 13:32:32', 100, 'c2'),
('V', 664, '2019-07-06 13:32:32', 100, 'c1'),
('R', 665, '2019-07-06 13:32:42', 120, 'c1'),
('V', 666, '2019-07-06 13:32:42', 120, 'c2'),
('R', 667, '2019-07-06 13:32:42', 100, 'c2'),
('V', 668, '2019-07-06 13:32:42', 100, 'c1'),
('R', 669, '2019-07-06 15:01:02', 120, 'c1'),
('V', 670, '2019-07-06 15:01:02', 120, 'c2'),
('R', 671, '2019-07-06 15:01:02', 100, 'c2'),
('V', 672, '2019-07-06 15:01:02', 100, 'c1'),
('R', 673, '2019-07-06 15:12:51', 120, 'c1'),
('V', 674, '2019-07-06 15:12:51', 120, 'c2'),
('R', 675, '2019-07-06 15:12:51', 100, 'c2'),
('V', 676, '2019-07-06 15:12:51', 100, 'c1'),
('R', 677, '2019-07-06 15:14:13', 120, 'c1'),
('V', 678, '2019-07-06 15:14:13', 120, 'c2'),
('R', 679, '2019-07-06 15:14:13', 100, 'c2'),
('V', 680, '2019-07-06 15:14:13', 100, 'c1'),
('R', 681, '2019-07-06 15:19:21', 120, 'c1'),
('V', 682, '2019-07-06 15:19:21', 120, 'c2'),
('R', 683, '2019-07-06 15:19:21', 100, 'c2'),
('V', 684, '2019-07-06 15:19:21', 100, 'c1'),
('R', 685, '2019-07-06 15:19:35', 120, 'c1'),
('V', 686, '2019-07-06 15:19:35', 120, 'c2'),
('R', 687, '2019-07-06 15:19:35', 100, 'c2'),
('V', 688, '2019-07-06 15:19:35', 100, 'c1'),
('R', 689, '2019-07-06 15:23:32', 120, 'c1'),
('V', 690, '2019-07-06 15:23:32', 120, 'c2'),
('R', 691, '2019-07-06 15:23:32', 100, 'c2'),
('V', 692, '2019-07-06 15:23:32', 100, 'c1'),
('R', 693, '2019-07-06 15:25:09', 120, 'c1'),
('V', 694, '2019-07-06 15:25:09', 120, 'c2'),
('R', 695, '2019-07-06 15:25:09', 100, 'c2'),
('V', 696, '2019-07-06 15:25:09', 100, 'c1'),
('R', 697, '2019-07-06 15:26:53', 120, 'c1'),
('V', 698, '2019-07-06 15:26:53', 120, 'c2'),
('R', 699, '2019-07-06 15:26:53', 100, 'c2'),
('V', 700, '2019-07-06 15:26:53', 100, 'c1'),
('R', 701, '2019-07-06 15:36:30', 120, 'c1'),
('V', 702, '2019-07-06 15:36:30', 120, 'c2'),
('R', 703, '2019-07-06 15:36:30', 100, 'c2'),
('V', 704, '2019-07-06 15:36:30', 100, 'c1'),
('R', 705, '2019-07-06 15:36:46', 120, 'c1'),
('V', 706, '2019-07-06 15:36:46', 120, 'c2'),
('R', 707, '2019-07-06 15:36:46', 100, 'c2'),
('V', 708, '2019-07-06 15:36:46', 100, 'c1'),
('R', 709, '2019-07-06 16:13:43', 120, 'c1'),
('V', 710, '2019-07-06 16:13:44', 120, 'c2'),
('R', 711, '2019-07-06 16:13:44', 100, 'c2'),
('V', 712, '2019-07-06 16:13:44', 100, 'c1'),
('R', 713, '2019-07-06 16:14:09', 120, 'c1'),
('V', 714, '2019-07-06 16:14:09', 120, 'c2'),
('R', 715, '2019-07-06 16:14:09', 100, 'c2'),
('V', 716, '2019-07-06 16:14:09', 100, 'c1'),
('R', 717, '2019-07-06 16:15:31', 120, 'c1'),
('V', 718, '2019-07-06 16:15:31', 120, 'c2'),
('R', 719, '2019-07-06 16:15:31', 100, 'c2'),
('V', 720, '2019-07-06 16:15:31', 100, 'c1'),
('R', 721, '2019-07-06 16:17:05', 120, 'c1'),
('V', 722, '2019-07-06 16:17:05', 120, 'c2'),
('R', 723, '2019-07-06 16:17:05', 100, 'c2'),
('V', 724, '2019-07-06 16:17:05', 100, 'c1'),
('R', 725, '2019-07-06 16:17:33', 120, 'c1'),
('V', 726, '2019-07-06 16:17:33', 120, 'c2'),
('R', 727, '2019-07-06 16:17:33', 100, 'c2'),
('V', 728, '2019-07-06 16:17:33', 100, 'c1'),
('R', 729, '2019-07-06 16:23:51', 120, 'c1'),
('V', 730, '2019-07-06 16:23:51', 120, 'c2'),
('R', 731, '2019-07-06 16:23:51', 100, 'c2'),
('V', 732, '2019-07-06 16:23:51', 100, 'c1'),
('R', 733, '2019-07-06 18:23:49', 120, 'c1'),
('V', 734, '2019-07-06 18:23:49', 120, 'c2'),
('R', 735, '2019-07-06 18:23:49', 100, 'c2'),
('V', 736, '2019-07-06 18:23:49', 100, 'c1'),
('R', 737, '2019-07-06 18:35:15', 120, 'c1'),
('V', 738, '2019-07-06 18:35:15', 120, 'c2'),
('R', 739, '2019-07-06 18:35:15', 100, 'c2'),
('V', 740, '2019-07-06 18:35:15', 100, 'c1'),
('R', 741, '2019-07-07 11:04:06', 120, 'c1'),
('V', 742, '2019-07-07 11:04:06', 120, 'c2'),
('R', 743, '2019-07-07 11:04:06', 100, 'c2'),
('V', 744, '2019-07-07 11:04:07', 100, 'c1'),
('R', 745, '2019-07-07 11:04:26', 120, 'c1'),
('V', 746, '2019-07-07 11:04:26', 120, 'c2'),
('R', 747, '2019-07-07 11:04:26', 100, 'c2'),
('V', 748, '2019-07-07 11:04:26', 100, 'c1'),
('R', 749, '2019-07-07 11:07:36', 120, 'c1'),
('V', 750, '2019-07-07 11:07:36', 120, 'c2'),
('R', 751, '2019-07-07 11:07:36', 100, 'c2'),
('V', 752, '2019-07-07 11:07:36', 100, 'c1'),
('R', 753, '2019-07-07 11:08:07', 120, 'c1'),
('V', 754, '2019-07-07 11:08:07', 120, 'c2'),
('R', 755, '2019-07-07 11:08:07', 100, 'c2'),
('V', 756, '2019-07-07 11:08:07', 100, 'c1'),
('R', 757, '2019-07-07 11:26:04', 120, 'c1'),
('V', 758, '2019-07-07 11:26:05', 120, 'c2'),
('R', 759, '2019-07-07 11:26:05', 100, 'c2'),
('V', 760, '2019-07-07 11:26:05', 100, 'c1'),
('R', 761, '2019-07-07 11:32:26', 120, 'c1'),
('V', 762, '2019-07-07 11:32:26', 120, 'c2'),
('R', 763, '2019-07-07 11:32:26', 100, 'c2'),
('V', 764, '2019-07-07 11:32:26', 100, 'c1'),
('R', 765, '2019-07-07 11:33:56', 120, 'c1'),
('V', 766, '2019-07-07 11:33:56', 120, 'c2'),
('R', 767, '2019-07-07 11:33:56', 100, 'c2'),
('V', 768, '2019-07-07 11:33:57', 100, 'c1'),
('R', 769, '2019-07-07 11:34:27', 120, 'c1'),
('V', 770, '2019-07-07 11:34:27', 120, 'c2'),
('R', 771, '2019-07-07 11:34:27', 100, 'c2'),
('V', 772, '2019-07-07 11:34:27', 100, 'c1'),
('R', 773, '2019-07-07 11:39:17', 120, 'c1'),
('V', 774, '2019-07-07 11:39:17', 120, 'c2'),
('R', 775, '2019-07-07 11:39:17', 100, 'c2'),
('V', 776, '2019-07-07 11:39:17', 100, 'c1'),
('R', 777, '2019-07-07 11:40:25', 120, 'c1'),
('V', 778, '2019-07-07 11:40:25', 120, 'c2'),
('R', 779, '2019-07-07 11:40:26', 100, 'c2'),
('V', 780, '2019-07-07 11:40:26', 100, 'c1'),
('R', 781, '2019-07-07 11:44:04', 120, 'c1'),
('V', 782, '2019-07-07 11:44:04', 120, 'c2'),
('R', 783, '2019-07-07 11:44:04', 100, 'c2'),
('V', 784, '2019-07-07 11:44:04', 100, 'c1'),
('R', 785, '2019-07-07 11:44:32', 120, 'c1'),
('V', 786, '2019-07-07 11:44:32', 120, 'c2'),
('R', 787, '2019-07-07 11:44:32', 100, 'c2'),
('V', 788, '2019-07-07 11:44:32', 100, 'c1'),
('R', 789, '2019-07-07 11:44:41', 120, 'c1'),
('V', 790, '2019-07-07 11:44:41', 120, 'c2'),
('R', 791, '2019-07-07 11:44:41', 100, 'c2'),
('V', 792, '2019-07-07 11:44:41', 100, 'c1'),
('R', 793, '2019-07-07 11:45:22', 120, 'c1'),
('V', 794, '2019-07-07 11:45:22', 120, 'c2'),
('R', 795, '2019-07-07 11:45:22', 100, 'c2'),
('V', 796, '2019-07-07 11:45:22', 100, 'c1'),
('R', 797, '2019-07-07 11:46:31', 120, 'c1'),
('V', 798, '2019-07-07 11:46:31', 120, 'c2'),
('R', 799, '2019-07-07 11:46:31', 100, 'c2'),
('V', 800, '2019-07-07 11:46:31', 100, 'c1'),
('R', 801, '2019-07-07 11:46:49', 120, 'c1'),
('V', 802, '2019-07-07 11:46:49', 120, 'c2'),
('R', 803, '2019-07-07 11:46:49', 100, 'c2'),
('V', 804, '2019-07-07 11:46:49', 100, 'c1'),
('R', 805, '2019-07-07 11:46:59', 120, 'c1'),
('V', 806, '2019-07-07 11:46:59', 120, 'c2'),
('R', 807, '2019-07-07 11:46:59', 100, 'c2'),
('V', 808, '2019-07-07 11:46:59', 100, 'c1'),
('R', 809, '2019-07-07 11:51:10', 120, 'c1'),
('V', 810, '2019-07-07 11:51:10', 120, 'c2'),
('R', 811, '2019-07-07 11:51:10', 100, 'c2'),
('V', 812, '2019-07-07 11:51:10', 100, 'c1'),
('R', 813, '2018-07-07 11:53:06', 120, 'c1'),
('V', 814, '2018-07-07 11:53:06', 120, 'c2'),
('R', 815, '2018-07-07 11:53:07', 100, 'c2'),
('V', 816, '2018-07-07 11:53:07', 100, 'c1'),
('R', 817, '2019-07-07 11:54:19', 120, 'c1'),
('V', 818, '2019-07-07 11:54:20', 120, 'c2'),
('R', 819, '2019-07-07 11:54:20', 100, 'c2'),
('V', 820, '2019-07-07 11:54:20', 100, 'c1'),
('R', 821, '2019-07-07 11:55:48', 120, 'c1'),
('V', 822, '2019-07-07 11:55:48', 120, 'c2'),
('R', 823, '2019-07-07 11:55:48', 100, 'c2'),
('V', 824, '2019-07-07 11:55:48', 100, 'c1'),
('R', 825, '2019-07-07 12:08:25', 120, 'c1'),
('V', 826, '2019-07-07 12:08:25', 120, 'c2'),
('R', 827, '2019-07-07 12:08:25', 100, 'c2'),
('V', 828, '2019-07-07 12:08:25', 100, 'c1'),
('R', 829, '2019-07-07 12:11:38', 120, 'c1'),
('V', 830, '2019-07-07 12:11:38', 120, 'c2'),
('R', 831, '2019-07-07 12:11:38', 100, 'c2'),
('V', 832, '2018-07-07 12:11:38', 100, 'c1'),
('R', 833, '2018-07-07 12:11:47', 120, 'c1'),
('V', 834, '2018-07-07 12:11:47', 120, 'c2'),
('R', 835, '2018-07-07 12:11:47', 100, 'c2'),
('V', 836, '2019-07-07 12:11:47', 100, 'c1'),
('R', 837, '2018-07-07 12:37:49', 120, 'c1'),
('V', 838, '2018-07-07 12:37:49', 120, 'c2'),
('R', 839, '2019-07-07 12:37:49', 100, 'c2'),
('V', 840, '2018-07-07 12:37:49', 100, 'c1'),
('R', 841, '2019-07-07 12:38:22', 120, 'c1'),
('V', 842, '2019-07-07 12:38:22', 120, 'c2'),
('R', 843, '2018-07-07 12:38:22', 100, 'c2'),
('V', 844, '2018-07-07 12:38:22', 100, 'c1'),
('R', 845, '2018-07-07 12:40:52', 120, 'c1'),
('V', 846, '2018-07-07 12:40:52', 120, 'c2'),
('R', 847, '2018-07-07 12:40:53', 100, 'c2'),
('V', 848, '2018-07-07 12:40:53', 100, 'c1'),
('R', 849, '2018-07-07 12:41:42', 120, 'c1'),
('V', 850, '2018-07-07 12:41:42', 120, 'c2'),
('R', 851, '2018-07-07 12:41:42', 100, 'c2'),
('V', 852, '2018-07-07 12:41:42', 100, 'c1'),
('R', 853, '2018-07-07 12:41:50', 120, 'c1'),
('V', 854, '2018-07-07 12:41:50', 120, 'c2'),
('R', 855, '2018-07-07 12:41:50', 100, 'c2'),
('V', 856, '2018-07-07 12:41:50', 100, 'c1'),
('R', 857, '2018-07-07 13:30:24', 120, 'c1'),
('V', 858, '2018-07-07 13:30:24', 120, 'c2'),
('R', 859, '2018-07-07 13:30:24', 100, 'c2'),
('V', 860, '2018-07-07 13:30:24', 100, 'c1'),
('R', 861, '2018-07-07 14:32:22', 120, 'c1'),
('V', 862, '2018-07-07 14:32:22', 120, 'c2'),
('R', 863, '2018-07-07 14:32:22', 100, 'c2'),
('V', 864, '2018-07-07 14:32:22', 100, 'c1'),
('V', 865, '2018-07-07 14:39:22', 36, 'c1'),
('V', 866, '2019-02-06 00:00:00', 4030, 'c3'),
('R', 867, '2019-03-03 00:00:00', 5030, 'c1'),
('R', 868, '2019-05-05 00:00:00', 5030, 'c2'),
('V', 869, '2019-03-03 00:00:00', 4030, 'c3'),
('V', 870, '2019-05-03 00:00:00', 4030, 'c3'),
('V', 871, '2019-05-03 00:00:00', 4030, 'c3'),
('R', 872, '2019-03-03 00:00:00', 4030, 'c1'),
('R', 873, '2019-12-03 00:00:00', 4030, 'c2'),
('V', 874, '2019-02-03 00:00:00', 4030, 'c2'),
('R', 875, '2019-03-03 00:00:00', 4030, 'c1'),
('R', 876, '2019-07-09 08:16:25', 123, 'c2'),
('V', 877, '2019-07-09 11:54:05', 7700, 'c2'),
('R', 878, '2019-07-09 13:44:37', 36, 'c1');

-- --------------------------------------------------------

--
-- Table structure for table `role`
--

CREATE TABLE `role` (
  `role` varchar(15) NOT NULL
) ENGINE=InnoDB DEFAULT CHARSET=latin1;

--
-- Dumping data for table `role`
--

INSERT INTO `role` (`role`) VALUES
('ADMIN'),
('USER');

-- --------------------------------------------------------

--
-- Table structure for table `users`
--

CREATE TABLE `users` (
  `username` varchar(255) NOT NULL,
  `active` int(11) NOT NULL,
  `password` varchar(255) DEFAULT NULL,
  `role` int(11) NOT NULL
) ENGINE=InnoDB DEFAULT CHARSET=latin1;

--
-- Dumping data for table `users`
--

INSERT INTO `users` (`username`, `active`, `password`, `role`) VALUES
('admin', 1, '$2a$10$dntPH4eyF167XqiIPUi4oetyfo7U0SPidWJPK2p8jh4uYR0h.Nfg6', 1),
('reda', 1, '$2a$10$dntPH4eyF167XqiIPUi4oetyfo7U0SPidWJPK2p8jh4uYR0h.Nfg6', 1),
('user', 1, '$2a$10$dntPH4eyF167XqiIPUi4oetyfo7U0SPidWJPK2p8jh4uYR0h.Nfg6', 1);

-- --------------------------------------------------------

--
-- Table structure for table `users_roles`
--

CREATE TABLE `users_roles` (
  `id` bigint(20) NOT NULL,
  `role` varchar(255) DEFAULT NULL,
  `username` varchar(255) DEFAULT NULL
) ENGINE=InnoDB DEFAULT CHARSET=latin1;

--
-- Dumping data for table `users_roles`
--

INSERT INTO `users_roles` (`id`, `role`, `username`) VALUES
(1, 'ADMIN', 'admin'),
(2, 'USER', 'admin'),
(3, 'USER', 'user'),
(29, 'ADMIN', 'user');

--
-- Indexes for dumped tables
--

--
-- Indexes for table `client`
--
ALTER TABLE `client`
  ADD PRIMARY KEY (`id`);

--
-- Indexes for table `compte`
--
ALTER TABLE `compte`
  ADD PRIMARY KEY (`id`),
  ADD KEY `FKbtqxycyygcs4l5khnlfx1glnu` (`client`);

--
-- Indexes for table `operation`
--
ALTER TABLE `operation`
  ADD PRIMARY KEY (`id`),
  ADD KEY `FK5o12n0rda285c7agc6y4apmuy` (`compte`);

--
-- Indexes for table `role`
--
ALTER TABLE `role`
  ADD PRIMARY KEY (`role`);

--
-- Indexes for table `users`
--
ALTER TABLE `users`
  ADD PRIMARY KEY (`username`);

--
-- Indexes for table `users_roles`
--
ALTER TABLE `users_roles`
  ADD PRIMARY KEY (`id`);

--
-- AUTO_INCREMENT for dumped tables
--

--
-- AUTO_INCREMENT for table `client`
--
ALTER TABLE `client`
  MODIFY `id` bigint(20) NOT NULL AUTO_INCREMENT, AUTO_INCREMENT=3;

--
-- AUTO_INCREMENT for table `operation`
--
ALTER TABLE `operation`
  MODIFY `id` bigint(20) NOT NULL AUTO_INCREMENT, AUTO_INCREMENT=879;

--
-- AUTO_INCREMENT for table `users_roles`
--
ALTER TABLE `users_roles`
  MODIFY `id` bigint(20) NOT NULL AUTO_INCREMENT, AUTO_INCREMENT=30;

--
-- Constraints for dumped tables
--

--
-- Constraints for table `compte`
--
ALTER TABLE `compte`
  ADD CONSTRAINT `FKbtqxycyygcs4l5khnlfx1glnu` FOREIGN KEY (`client`) REFERENCES `client` (`id`);

--
-- Constraints for table `operation`
--
ALTER TABLE `operation`
  ADD CONSTRAINT `FK5o12n0rda285c7agc6y4apmuy` FOREIGN KEY (`compte`) REFERENCES `compte` (`id`);
COMMIT;

/*!40101 SET CHARACTER_SET_CLIENT=@OLD_CHARACTER_SET_CLIENT */;
/*!40101 SET CHARACTER_SET_RESULTS=@OLD_CHARACTER_SET_RESULTS */;
/*!40101 SET COLLATION_CONNECTION=@OLD_COLLATION_CONNECTION */;
